BacteriaID,HostName,Host_GS
NZ_JH378095.1,Escherichia coli O104:H4 str. C227-11 supercont1.11,Escherichia coli
NZ_NODI01000039.1,Escherichia coli strain MOD1-EC5768 MOD1-EC5768_39_length_43416_cov_38.5492,Escherichia coli
NZ_JAYXFH010000138.1,Escherichia coli strain MRSN951933 MRSN951933_contig00138,Escherichia coli
NZ_CP021684.1,Escherichia coli strain AR_0162 plasmid tig00008015,Escherichia coli
NC_025058.1,Escherichia coli plasmid pEC22,Escherichia coli
NC_019079.1,Escherichia coli plasmid pEC886,Escherichia coli
NZ_JADBFW010000060.1,Escherichia coli strain EH08-18-36 NODE_60_length_26474_cov_171.748115,Escherichia coli
PV564404.1,Escherichia coli strain P15 DNA gyrase subunit B gene,Escherichia coli
NZ_CP013662.1,Escherichia coli strain 08-00022 chromosome,Escherichia coli
NZ_CP024299.1,Escherichia coli strain 90-9276 chromosome,Escherichia coli
NZ_CP032988.1,Escherichia coli strain BE2-5 plasmid p2_BE2-5,Escherichia coli
DQ249872.1,Escherichia coli strain EcoR124I plasmid R124/3 type I restriction-modification system HsdR gene,Escherichia coli
AY392450.1,Escherichia coli strain C YjiR,Escherichia coli
CP076792.1,Escherichia coli strain EC67_1 plasmid pEC67_1,Escherichia coli
OR889640.1,Escherichia coli strain K11A 16S ribosomal RNA gene,Escherichia coli
NZ_CP053600.1,Escherichia coli strain Nico21 chromosome,Escherichia coli
AF157599.1,Escherichia coli P4 integrase-like protein,Escherichia coli
NZ_HG941720.1,Escherichia coli O25b:H4-ST131 strain EC958 plasmid pEC958B,Escherichia coli
NZ_LR134228.1,Escherichia coli strain NCTC9699 chromosome 1,Escherichia coli
NC_007779.1,Escherichia coli str. K-12,Escherichia coli
NZ_CP095805.1,Escherichia coli strain E166 plasmid pE166_4,Escherichia coli
NZ_CP150076.1,Escherichia coli strain ECSD228 plasmid pE228-137K,Escherichia coli
NZ_JAHWUG010000102.1,Escherichia coli strain 6122 NODE_102_length_1831_cov_18.2318,Escherichia coli
