Enzyme,0
EciEI,64
Eco149I,43
"Eco100I, Eco104I, Eco134I, Eco135I, Eco151I, Eco158I, Eco182I, Eco196I, Eco208I, Eco55I, Eco92I, Eco96I, Eco99I",40
"Eco113I, Eco180I, Eco211I, Eco215I, Eco216I, Eco232I, Eco249I, Eco25I, Eco262I, Eco26I, Eco35I, Eco68I, EcoT88I, EcoT93I, EcoT95I",37
"Eco31I, EcoA4I, EcoO44I",36
"Eco101I, Eco120I, Eco127I, Eco129I, Eco155I, Eco156I, Eco157I, Eco162I, Eco185I, Eco191I, Eco203I, Eco204I, Eco205I, Eco217I, Eco225I, Eco233I, Eco239I, Eco240I, Eco241I, Eco246I, Eco247I, Eco263I, Eco42I, Eco51I, Eco71KI, Eco95I, Eco97I",36
"Eco161I, Eco167I, Eco260I, Eco261I, Eco48I, Eco49I, Eco83I, EcoGIII",26
"Eco1446I, EcoAI, EcoCFTI",26
"EciCI, Eco110kI, Eco115I, Eco118I, Eco76I",22
"Eco143I, Eco152I",21
EcoEI,19
"Eco1342I, Eco1344I, Eco1394I, EcoKI",19
"EcoA26III, EcoA3III",19
"Eco1158I, Eco1265I, Eco1441I, Eco1443I, Eco1444I, Eco1447I, EcoBI, EcoR11I, EcoR14I, EcoR70I",19
"Eco188I, Eco231I, Eco65I, Eco98I",19
Eco585I,17
EcoDR2,15
"Eco1323I, Eco1344II, Eco1386I, Eco1427I, Eco1430I, Eco1456I, Eco1476I, Eco377I, Eco37I, EcoAO83I",15
Eco394I,15
EciI,14
EcoDI,14
Eco912I,13
Eco851I,13
EcoMII,12
Avoided Enzymes,12
"Eco1341I, Eco1383I, Eco1413I, Eco1422I, Eco1424I, Eco1432I, Eco646I, EcoUTI",10
"Eco159I, Eco228I, Eco237I, Eco252I, Eco82I",10
"Eco1348I, Eco1412I, Eco777I",9
EcoRD3,9
"EciAI, Eco158II",8
EcoR9I,8
"Eco208II, EcoT104I",7
"M.Eco038Dam, M.Eco053Dam, M.Eco10090Dam, M.Eco10418Dam, M.Eco10430Dam, M.Eco10444Dam, M.Eco10538Dam, M.Eco10674Dam, M.Eco10757Dam, M.Eco10766Dam, M.Eco10865Dam, M.Eco10973Dam, M.Eco11107Dam, M.Eco11111Dam, M.Eco11113Dam, M.Eco11115Dam, M.Eco11123Dam2, M.Eco11124Dam, M.Eco11186Dam, M.Eco11473Dam, M.Eco11476Dam, M.Eco114Dam, M.Eco11560Dam, M.Eco122Dam, M.Eco12650Dam, M.Eco12652Dam, M.Eco12653Dam, M.Eco12654Dam, M.Eco12655Dam, M.Eco12839Dam, M.Eco13127Dam, M.Eco13441Dam, M.Eco13452Dam, M.Eco13461Dam, M.Eco13919Dam, M.Eco1655Dam, M.Eco1821Dam, M.Eco2525Dam, M.Eco29787Dam, M.Eco299Dam, M.Eco3026Dam, M.Eco3029Dam, M.Eco3165Dam, M.Eco3936Dam, M.Eco532Dam, M.Eco5934Dam, M.Eco629Dam, M.Eco7926Dam, M.Eco7927Dam, M.Eco8006Dam, M.Eco8500Dam, M.Eco86Dam, M.Eco9009Dam, M.Eco9012Dam, M.Eco9013Dam, M.Eco9020Dam, M.Eco9024Dam, M.Eco9031Dam, M.Eco9033Dam, M.Eco9034Dam, M.Eco9035Dam, M.Eco9043Dam, M.Eco9044Dam, M.Eco9047Dam, M.Eco9052Dam, M.Eco9065Dam, M.Eco9066Dam, M.Eco9080Dam, M.Eco9082Dam, M.Eco9083Dam, M.Eco9086Dam, M.Eco9087Dam, M.Eco9088Dam, M.Eco9091Dam, M.Eco9092Dam, M.Eco9100Dam, M.Eco9104Dam, M.Eco9387Dam, M.Eco9699Dam, M.Eco9702Dam, M.Eco9967Dam, M.EcoA13Dam, M.EcoA21Dam, M.EcoA31Dam, M.EcoA34Dam, M.EcoA35Dam, M.EcoA3Dam, M.EcoA7Dam, M.EcoB4103Dam, M.EcoBE104Dam, M.EcoBE25Dam, M.EcoBH212Dam, M.EcoBL21ADam, M.EcoC13452Dam, M.EcoC2566Dam, M.EcoC600Dam, M.EcoC9116Dam, M.EcoC9123Dam, M.EcoC9707Dam, M.EcoC9776Dam, M.EcoC9778Dam, M.EcoC9963Dam, M.EcoC9965Dam, M.EcoD181Dam, M.EcoDHB4Dam, M.EcoE118Dam, M.EcoE455Dam, M.EcoE455LDam, M.EcoE597Dam, M.EcoE686Dam, M.EcoEC149Dam, M.EcoEc67Dam, M.EcoF5656Dam, M.EcoF9792Dam, M.EcoFec10Dam, M.EcoGDam, M.EcoGYB01Dam, M.EcoJA23PDam, M.EcoJA65PDam, M.EcoKDam, M.EcoMDam, M.EcoOS427Dam, M.EcoOS437Dam, M.EcoOS441Dam, M.EcoP1Dam, M.EcoS448Dam, M.EcoS472Dam, M.EcoT1Dam, M.EcoT2Dam, M.EcoT4Dam, M.EcoU1Dam, M.EcoVR50Dam, M.EcoVT2Dam, M.EcoW25Dam, M.EcosA19Dam, M.EcostT2Dam",6
"EciBI, Eco164I, Eco90I, EcoHAI",6
EcoDR3,6
"Eco1455I, Eco826I",5
"Eco178I, Eco17I",5
"Eco168I, Eco169I, Eco171I, Eco173I, Eco195I, Eco50I",4
EcoGVIII,4
"Eco4174I, Eco9021II, Eco9049I",4
"Eco112I, Eco125I, Eco9272I, EcoC9969I",3
EcoRD2,3
EcoR124II,3
Eco57I,3
EcoBE25II,3
"Eco13441IV, Eco13461III, Eco9078I, EcoMVII",3
EcoR124I,2
Eco9699II,2
EcoP15I,2
"Eco9035I, EcoFec10III",2
Eco9020I,2
Eco9009II,2
EcoprrI,2
Eco8164I,2
EcoDXXI,2
"Eco43896II, Eco8620I, Eco8960I, Eco9276II, Eco9280I, Eco95NR1II",2
"EciDI, Eco121I, Eco179I, Eco190I",2
"Eco0398II, Eco1130II, Eco12900II, Eco13125II, Eco13127II, Eco13128II, Eco2149II, Eco2159II, Eco293II, Eco3384II, Eco4276II, Eco4465II, Eco644I, Eco8368II, Eco9034II, Eco9234II, Eco933II, EcoC9702II, EcoOS292II, EcoOS398II, EcoOS399II, EcoOS400II, EcoPT54I",2
"Eco1831I, EcoHI",2
Eco1836I,2
Eco29kI,1
"Eco196II, Eco201I, Eco39I, Eco47II",1
Eco0162II,1
EcoT22I,1
EcoRII,1
"Eco128I, Eco170I, Eco193I, Eco206I, Eco207I, Eco254I, Eco256I, Eco38I, Eco40I, Eco41I, Eco60I, Eco61I, Eco67I, Eco70I, Eco71I, M.Eco0149Dcm, M.Eco0151Dcm, M.Eco089Dcm, M.Eco08Dcm, M.Eco137Dcm, M.Eco150Dcm, M.Eco3763Dcm, M.Eco433Dcm, M.Eco590Dcm, M.Eco8426Dcm, M.Eco9060Dcm, M.EcoA15Dcm, M.EcoC9101Dcm, M.EcoF144Dcm, M.EcoFec10Dcm, M.EcoJA17PDcm, M.EcoJA65PDcm, M.EcoNIH2Dcm, M.EcoP001Dcm, M.EcoTWDcm",1
"Eco32I, EcoRV",1
"Eco10418I, EcoC9964I, EcoE1140I",1
Eco10863IV,1
"Eco24I, Eco75KI, EcoT38I",1
"Eco130I, EcoT14I",0
EcoPI,0
Eco57MI,0
Eco105I,0
EcoO109I,0
EcoRI,0
EcoVIII,0
ElmI,0
EcoO157SI,0
"Eco147I, Eco1524I",0
EcoNI,0
Eco47III,0
Eco72I,0
Eco78I,0
Eco56I,0
Eco81I,0
"Eco53kI, EcoICRI",0
Eco52I,0
Eco47I,0
"Eco137kI, Eco13kI, Eco21kI",0
"Eco27kI, Eco88I",0
Eco255I,0
EcoBLMcrX,0
"Eco153I, Eco200I, Eco43I, Eco51II, Eco80I, Eco85I, Eco93I",0
Eco64I,0
EcoHK31I,0
"Eci125I, Eco91I, EcoO128I, EcoO65I",0
