Accession,Host,Lab_Host,Phage Description
PV287706.1,Escherichia coli 4s,,phage Midge
PV252060.1,Escherichia coli,Escherichia coli M493,phage nithesis
PV204681.1,Escherichia coli O157,,phage vB_EcoM_JQD51
PP453689.1,Escherichia coli K12 (RP4),,phage vB_EcoP_LHP
PV245935.1,Escherichia coli,Escherichia coli M491,phage kaset
PV245934.1,Escherichia coli,Escherichia coli M486,phage sutha
PV245933.1,Escherichia coli,Escherichia coli M485,phage nasanit
PQ738613.1,Escherichia coli (uropathogenic),,phage PhiKM partial genome
PV287714.1,Escherichia coli,,phage HMD-9
PV191315.1,Escherichia coli,,phage vB_EcoM-P3322
PQ474795.1,Escherichia coli,,phage vB_Eco_AMO_3701M
NC_105115.1,Escherichia coli K-12,,phage IrmaTschudi
NC_105113.1,Escherichia coli K-12,,phage GreteKellenberger
PP481222.1,Escherichia coli K12 (RP4),,phage vB_EcoM_BL
PP481221.1,Escherichia coli K12 (RP4),,phage vB_EcoP_IUE
NC_133255.1,,Escherichia coli DSM 12242,phage vB_EcoS-26175I
PV390659.2,Escherichia coli,,phage vB_EcoM_P8
PV435126.1,Escherichia coli,,phage EPFV3-03/2025
PV464739.1,Escherichia coli,,phage RCIP0363
PV464738.1,Escherichia coli,,phage RCIP0319
PV290051.1,,Escherichia coli,phage vB_EcoT_BCU-2
PV018828.1,Escherichia coli K-12,,phage YW01
PV018827.1,Escherichia coli K-12,,phage KM01
PQ999132.1,Escherichia coli E4014,,phage BUCT789
PQ871103.1,Escherichia coli,,phage vB_Eco_ZCEC15
PQ860993.1,Escherichia coli ATCC 25922,,phage EC.W14-2
PQ729991.1,Escherichia coli 4004,,UNVERIFIED:  phage BUCT823
PV390658.1,Escherichia coli,,phage vB_EcoM_P54
PV040721.1,Escherichia coli,,phage BUCT825
PV295200.1,,Escherichia coli 002/1-14/R,phage vB_Eco_BCPEco_001
NC_133119.1,,Escherichia coli,phage EscoHU1 DNA
PQ179042.1,Escherichia coli K-12,,phage KM02
PV173775.1,Escherichia coli ATCC 35150,,phage GEP001
PV292302.1,Escherichia coli,,UNVERIFIED:  phage Jgk1
KY985004.1,Escherichia coli MC1061,Escherichia coli K12 MG1655,phage vB_EcoS_SH2
PQ299149.1,,Escherichia coli K12,phage LLS
PQ571288.1,Escherichia coli BF4,,phage EC3-1
PV102577.1,,Escherichia coli DH5[alpha],phage vB_EcoM_BMB16
PQ799574.1,Escherichia coli,,phage vB_EcoM_Maryam
PQ759887.1,,Escherichia coli B,phage Pu-Krd-SF7
PQ759886.1,,Escherichia coli B,phage Pu-Krd-SF6
PQ759885.1,,Escherichia coli B,phage Pu-Krd-SF5
PQ759884.1,,Escherichia coli B,phage Pu-Krd-SF4
PQ631072.1,Escherichia coli CVCC198,,phage EC.P2
PQ850632.1,Escherichia coli,Escherichia coli K12 MG1655 wbbL(+),phage VerenaMeyer_Bas76
PQ850631.1,Escherichia coli,Escherichia coli K12 MG1655 wbbL(+),phage VerenaGrendelmeier_Bas101
PQ850630.1,Escherichia coli,Escherichia coli K12 MG1655 wbbL(+),phage TanjaMuster_Bas81
PQ850629.1,Escherichia coli,Escherichia coli K12 MG1655 wbbL(+),phage SusanneMuster_Bas79
PQ850628.1,Escherichia coli,Escherichia coli K12 MG1655 wbbL(+),phage StefiGeyer_Bas88
PQ850627.1,Escherichia coli,Escherichia coli K12 MG1655 wbbL(+),phage SonjaBuckley_Bas74
PQ850626.1,Escherichia coli,Escherichia coli K12 MG1655 wbbL(+),phage SkaterBoy_Bas90
PQ850625.1,Escherichia coli,Escherichia coli K12 MG1655 wbbL(+),phage SandraMuster_Bas78
PQ850624.1,Escherichia coli,Escherichia coli K12 MG1655 wbbL(+),phage RuthEpting_Bas85
PQ850623.1,Escherichia coli,Escherichia coli K12 MG1655 wbbL(+),phage RudolfBernhard_Bas96
PQ850622.1,Escherichia coli,Escherichia coli K12 MG1655 wbbL(+),phage OliverMaurmann_Bas86
PQ850621.1,Escherichia coli,Escherichia coli K12 MG1655 wbbL(+),phage NicoleGrasset_Bas72
PQ850620.1,Escherichia coli,Escherichia coli K12 MG1655 wbbL(+),phage MeretOppenheim_Bas102
PQ850619.1,Escherichia coli,Escherichia coli K12 MG1655 wbbL(+),phage MarieHeimVoegtlin_Bas70
PQ850618.1,Escherichia coli,Escherichia coli K12 MG1655 wbbL(+),phage ManiWeber_Bas99
PQ850617.1,Escherichia coli,Escherichia coli K12 MG1655 wbbL(+),phage ManiMatter_Bas94
PQ850616.1,Escherichia coli,Escherichia coli K12 MG1655 wbbL(+),phage Louie
PQ850615.1,Escherichia coli,Escherichia coli K12 MG1655 wbbL(+),phage LotteLoewe_Bas71
PQ850614.1,Escherichia coli,Escherichia coli K12 MG1655 wbbL(+),phage LorandFenyves_Bas91
PQ850613.1,Escherichia coli,Escherichia coli K12 MG1655 wbbL(+),phage KarlSchell_Bas89
PQ850612.1,Escherichia coli,Escherichia coli K12 MG1655 wbbL(+),phage KarinMuster_Bas82
PQ850611.1,Escherichia coli,Escherichia coli K12 MG1655 wbbL(+),phage JohannBuxtorf_Bas84
PQ850610.1,Escherichia coli,Escherichia coli K12 MG1655 wbbL(+),phage JacquesWildberger_Bas92
PQ850609.1,Escherichia coli,Escherichia coli K12 MG1655 wbbL(+),phage Huey
PQ850608.1,Escherichia coli,Escherichia coli K12 MG1655 wbbL(+),phage HermannAdler_Bas98
PQ850607.1,Escherichia coli,Escherichia coli K12 MG1655 wbbL(+),phage HelliStehle_Bas95
PQ850606.1,Escherichia coli,Escherichia coli K12 MG1655 wbbL(+),phage HeidiAbel_Bas97
PQ850605.1,Escherichia coli,Escherichia coli K12 MG1655 wbbL(+),phage HansTraber_Bas100
PQ850604.1,Escherichia coli,Escherichia coli K12 MG1655 wbbL(+),phage Haito_Bas83
PQ850603.1,Escherichia coli,Escherichia coli K12 MG1655 wbbL(+),phage GertrudWoker_Bas73
PQ850602.1,Escherichia coli,Escherichia coli K12 MG1655 wbbL(+),phage EmilieLinder_Bas103
PQ850601.1,Escherichia coli,Escherichia coli K12 MG1655 wbbL(+),phage ElsieAttenhofer_Bas105
PQ850600.1,Escherichia coli,Escherichia coli K12 MG1655 wbbL(+),phage Dewey
PQ850599.1,Escherichia coli,Escherichia coli K12 MG1655 wbbL(+),phage CurroJimenez_Bas106
PQ850598.1,Escherichia coli,Escherichia coli K12 MG1655 wbbL(+),phage ClaudiaMuster_Bas77
PQ850597.1,Escherichia coli,Escherichia coli K12 MG1655 wbbL(+),phage ChristineMuster_Bas80
PQ850596.1,Escherichia coli,Escherichia coli K12 MG1655 wbbL(+),phage AnnaReinhart_Bas75
PQ850595.1,Escherichia coli,Escherichia coli K12 MG1655 wbbL(+),phage AnnaIndermaur_Bas104
PQ850594.1,Escherichia coli,Escherichia coli K12 MG1655 wbbL(+),phage AnnaHegner_Bas87
PQ850593.1,Escherichia coli,Escherichia coli K12 MG1655 wbbL(+),phage AidaStucki_Bas93
PQ843332.1,Escherichia coli (Shiga toxin-producing),,phage P-GXEC-L2P5
PQ878354.1,Escherichia coli,,phage KJC1000 capsid protein gene partial cds
PQ805430.1,Escherichia coli,,phage EK8
PQ805429.1,Escherichia coli,,phage EK5
PQ178821.1,Escherichia coli ATCC 15597,,phage BMA1
PQ818761.1,Escherichia coli,,phage EcoM2
PQ818760.1,Escherichia coli,,phage EcoM1
PQ799475.1,Escherichia coli,,phage vB_Ec_DUEC01
PQ657772.1,Escherichia coli,,phage EC.P1
PQ657771.1,Escherichia coli,,phage EC.P3
PQ551090.1,Escherichia coli CB10,,phage GR8
PQ488502.1,Escherichia coli,,phage BUCT632
PQ783785.1,Escherichia coli HS(pFamp)R (ATCC 700891),,phage PDP46
PQ595991.1,Escherichia coli,,phage Psq-1
