Accession,Host,Lab_Host,Phage Description,Host_Clean,Host_GS
PV287706.1,Escherichia coli 4s,,phage Midge,Escherichia coli 4s,Escherichia coli
PV252060.1,Escherichia coli,Escherichia coli M493,phage nithesis,Escherichia coli,Escherichia coli
PV204681.1,Escherichia coli O157,,phage vB_EcoM_JQD51,Escherichia coli O157,Escherichia coli
PP453689.1,Escherichia coli K12 (RP4),,phage vB_EcoP_LHP,Escherichia coli K12,Escherichia coli
PV245935.1,Escherichia coli,Escherichia coli M491,phage kaset,Escherichia coli,Escherichia coli
PV245934.1,Escherichia coli,Escherichia coli M486,phage sutha,Escherichia coli,Escherichia coli
PV245933.1,Escherichia coli,Escherichia coli M485,phage nasanit,Escherichia coli,Escherichia coli
PQ738613.1,Escherichia coli (uropathogenic),,phage PhiKM partial genome,Escherichia coli,Escherichia coli
PV287714.1,Escherichia coli,,phage HMD-9,Escherichia coli,Escherichia coli
PV191315.1,Escherichia coli,,phage vB_EcoM-P3322,Escherichia coli,Escherichia coli
PQ474795.1,Escherichia coli,,phage vB_Eco_AMO_3701M,Escherichia coli,Escherichia coli
NC_105115.1,Escherichia coli K-12,,phage IrmaTschudi,Escherichia coli K-12,Escherichia coli
NC_105113.1,Escherichia coli K-12,,phage GreteKellenberger,Escherichia coli K-12,Escherichia coli
PP481222.1,Escherichia coli K12 (RP4),,phage vB_EcoM_BL,Escherichia coli K12,Escherichia coli
PP481221.1,Escherichia coli K12 (RP4),,phage vB_EcoP_IUE,Escherichia coli K12,Escherichia coli
NC_133255.1,,Escherichia coli DSM 12242,phage vB_EcoS-26175I,,
PV390659.2,Escherichia coli,,phage vB_EcoM_P8,Escherichia coli,Escherichia coli
PV435126.1,Escherichia coli,,phage EPFV3-03/2025,Escherichia coli,Escherichia coli
PV464739.1,Escherichia coli,,phage RCIP0363,Escherichia coli,Escherichia coli
PV464738.1,Escherichia coli,,phage RCIP0319,Escherichia coli,Escherichia coli
PV290051.1,,Escherichia coli,phage vB_EcoT_BCU-2,,
PV018828.1,Escherichia coli K-12,,phage YW01,Escherichia coli K-12,Escherichia coli
PV018827.1,Escherichia coli K-12,,phage KM01,Escherichia coli K-12,Escherichia coli
PQ999132.1,Escherichia coli E4014,,phage BUCT789,Escherichia coli E4014,Escherichia coli
PQ871103.1,Escherichia coli,,phage vB_Eco_ZCEC15,Escherichia coli,Escherichia coli
PQ860993.1,Escherichia coli ATCC 25922,,phage EC.W14-2,Escherichia coli ATCC 25922,Escherichia coli
PQ729991.1,Escherichia coli 4004,,UNVERIFIED:  phage BUCT823,Escherichia coli 4004,Escherichia coli
PV390658.1,Escherichia coli,,phage vB_EcoM_P54,Escherichia coli,Escherichia coli
PV040721.1,Escherichia coli,,phage BUCT825,Escherichia coli,Escherichia coli
PV295200.1,,Escherichia coli 002/1-14/R,phage vB_Eco_BCPEco_001,,
NC_133119.1,,Escherichia coli,phage EscoHU1 DNA,,
PQ179042.1,Escherichia coli K-12,,phage KM02,Escherichia coli K-12,Escherichia coli
PV173775.1,Escherichia coli ATCC 35150,,phage GEP001,Escherichia coli ATCC 35150,Escherichia coli
PV292302.1,Escherichia coli,,UNVERIFIED:  phage Jgk1,Escherichia coli,Escherichia coli
KY985004.1,Escherichia coli MC1061,Escherichia coli K12 MG1655,phage vB_EcoS_SH2,Escherichia coli MC1061,Escherichia coli
PQ299149.1,,Escherichia coli K12,phage LLS,,
PQ571288.1,Escherichia coli BF4,,phage EC3-1,Escherichia coli BF4,Escherichia coli
PV102577.1,,Escherichia coli DH5[alpha],phage vB_EcoM_BMB16,,
PQ799574.1,Escherichia coli,,phage vB_EcoM_Maryam,Escherichia coli,Escherichia coli
PQ759887.1,,Escherichia coli B,phage Pu-Krd-SF7,,
PQ759886.1,,Escherichia coli B,phage Pu-Krd-SF6,,
PQ759885.1,,Escherichia coli B,phage Pu-Krd-SF5,,
PQ759884.1,,Escherichia coli B,phage Pu-Krd-SF4,,
PQ631072.1,Escherichia coli CVCC198,,phage EC.P2,Escherichia coli CVCC198,Escherichia coli
PQ850632.1,Escherichia coli,Escherichia coli K12 MG1655 wbbL(+),phage VerenaMeyer_Bas76,Escherichia coli,Escherichia coli
PQ850631.1,Escherichia coli,Escherichia coli K12 MG1655 wbbL(+),phage VerenaGrendelmeier_Bas101,Escherichia coli,Escherichia coli
PQ850630.1,Escherichia coli,Escherichia coli K12 MG1655 wbbL(+),phage TanjaMuster_Bas81,Escherichia coli,Escherichia coli
PQ850629.1,Escherichia coli,Escherichia coli K12 MG1655 wbbL(+),phage SusanneMuster_Bas79,Escherichia coli,Escherichia coli
PQ850628.1,Escherichia coli,Escherichia coli K12 MG1655 wbbL(+),phage StefiGeyer_Bas88,Escherichia coli,Escherichia coli
PQ850627.1,Escherichia coli,Escherichia coli K12 MG1655 wbbL(+),phage SonjaBuckley_Bas74,Escherichia coli,Escherichia coli
PQ850626.1,Escherichia coli,Escherichia coli K12 MG1655 wbbL(+),phage SkaterBoy_Bas90,Escherichia coli,Escherichia coli
PQ850625.1,Escherichia coli,Escherichia coli K12 MG1655 wbbL(+),phage SandraMuster_Bas78,Escherichia coli,Escherichia coli
PQ850624.1,Escherichia coli,Escherichia coli K12 MG1655 wbbL(+),phage RuthEpting_Bas85,Escherichia coli,Escherichia coli
PQ850623.1,Escherichia coli,Escherichia coli K12 MG1655 wbbL(+),phage RudolfBernhard_Bas96,Escherichia coli,Escherichia coli
PQ850622.1,Escherichia coli,Escherichia coli K12 MG1655 wbbL(+),phage OliverMaurmann_Bas86,Escherichia coli,Escherichia coli
PQ850621.1,Escherichia coli,Escherichia coli K12 MG1655 wbbL(+),phage NicoleGrasset_Bas72,Escherichia coli,Escherichia coli
PQ850620.1,Escherichia coli,Escherichia coli K12 MG1655 wbbL(+),phage MeretOppenheim_Bas102,Escherichia coli,Escherichia coli
PQ850619.1,Escherichia coli,Escherichia coli K12 MG1655 wbbL(+),phage MarieHeimVoegtlin_Bas70,Escherichia coli,Escherichia coli
PQ850618.1,Escherichia coli,Escherichia coli K12 MG1655 wbbL(+),phage ManiWeber_Bas99,Escherichia coli,Escherichia coli
PQ850617.1,Escherichia coli,Escherichia coli K12 MG1655 wbbL(+),phage ManiMatter_Bas94,Escherichia coli,Escherichia coli
PQ850616.1,Escherichia coli,Escherichia coli K12 MG1655 wbbL(+),phage Louie,Escherichia coli,Escherichia coli
PQ850615.1,Escherichia coli,Escherichia coli K12 MG1655 wbbL(+),phage LotteLoewe_Bas71,Escherichia coli,Escherichia coli
PQ850614.1,Escherichia coli,Escherichia coli K12 MG1655 wbbL(+),phage LorandFenyves_Bas91,Escherichia coli,Escherichia coli
PQ850613.1,Escherichia coli,Escherichia coli K12 MG1655 wbbL(+),phage KarlSchell_Bas89,Escherichia coli,Escherichia coli
PQ850612.1,Escherichia coli,Escherichia coli K12 MG1655 wbbL(+),phage KarinMuster_Bas82,Escherichia coli,Escherichia coli
PQ850611.1,Escherichia coli,Escherichia coli K12 MG1655 wbbL(+),phage JohannBuxtorf_Bas84,Escherichia coli,Escherichia coli
PQ850610.1,Escherichia coli,Escherichia coli K12 MG1655 wbbL(+),phage JacquesWildberger_Bas92,Escherichia coli,Escherichia coli
PQ850609.1,Escherichia coli,Escherichia coli K12 MG1655 wbbL(+),phage Huey,Escherichia coli,Escherichia coli
PQ850608.1,Escherichia coli,Escherichia coli K12 MG1655 wbbL(+),phage HermannAdler_Bas98,Escherichia coli,Escherichia coli
PQ850607.1,Escherichia coli,Escherichia coli K12 MG1655 wbbL(+),phage HelliStehle_Bas95,Escherichia coli,Escherichia coli
PQ850606.1,Escherichia coli,Escherichia coli K12 MG1655 wbbL(+),phage HeidiAbel_Bas97,Escherichia coli,Escherichia coli
PQ850605.1,Escherichia coli,Escherichia coli K12 MG1655 wbbL(+),phage HansTraber_Bas100,Escherichia coli,Escherichia coli
PQ850604.1,Escherichia coli,Escherichia coli K12 MG1655 wbbL(+),phage Haito_Bas83,Escherichia coli,Escherichia coli
PQ850603.1,Escherichia coli,Escherichia coli K12 MG1655 wbbL(+),phage GertrudWoker_Bas73,Escherichia coli,Escherichia coli
PQ850602.1,Escherichia coli,Escherichia coli K12 MG1655 wbbL(+),phage EmilieLinder_Bas103,Escherichia coli,Escherichia coli
PQ850601.1,Escherichia coli,Escherichia coli K12 MG1655 wbbL(+),phage ElsieAttenhofer_Bas105,Escherichia coli,Escherichia coli
PQ850600.1,Escherichia coli,Escherichia coli K12 MG1655 wbbL(+),phage Dewey,Escherichia coli,Escherichia coli
PQ850599.1,Escherichia coli,Escherichia coli K12 MG1655 wbbL(+),phage CurroJimenez_Bas106,Escherichia coli,Escherichia coli
PQ850598.1,Escherichia coli,Escherichia coli K12 MG1655 wbbL(+),phage ClaudiaMuster_Bas77,Escherichia coli,Escherichia coli
PQ850597.1,Escherichia coli,Escherichia coli K12 MG1655 wbbL(+),phage ChristineMuster_Bas80,Escherichia coli,Escherichia coli
PQ850596.1,Escherichia coli,Escherichia coli K12 MG1655 wbbL(+),phage AnnaReinhart_Bas75,Escherichia coli,Escherichia coli
PQ850595.1,Escherichia coli,Escherichia coli K12 MG1655 wbbL(+),phage AnnaIndermaur_Bas104,Escherichia coli,Escherichia coli
PQ850594.1,Escherichia coli,Escherichia coli K12 MG1655 wbbL(+),phage AnnaHegner_Bas87,Escherichia coli,Escherichia coli
PQ850593.1,Escherichia coli,Escherichia coli K12 MG1655 wbbL(+),phage AidaStucki_Bas93,Escherichia coli,Escherichia coli
PQ843332.1,Escherichia coli (Shiga toxin-producing),,phage P-GXEC-L2P5,Escherichia coli,Escherichia coli
PQ878354.1,Escherichia coli,,phage KJC1000 capsid protein gene partial cds,Escherichia coli,Escherichia coli
PQ805430.1,Escherichia coli,,phage EK8,Escherichia coli,Escherichia coli
PQ805429.1,Escherichia coli,,phage EK5,Escherichia coli,Escherichia coli
PQ178821.1,Escherichia coli ATCC 15597,,phage BMA1,Escherichia coli ATCC 15597,Escherichia coli
PQ818761.1,Escherichia coli,,phage EcoM2,Escherichia coli,Escherichia coli
PQ818760.1,Escherichia coli,,phage EcoM1,Escherichia coli,Escherichia coli
PQ799475.1,Escherichia coli,,phage vB_Ec_DUEC01,Escherichia coli,Escherichia coli
PQ657772.1,Escherichia coli,,phage EC.P1,Escherichia coli,Escherichia coli
PQ657771.1,Escherichia coli,,phage EC.P3,Escherichia coli,Escherichia coli
PQ551090.1,Escherichia coli CB10,,phage GR8,Escherichia coli CB10,Escherichia coli
PQ488502.1,Escherichia coli,,phage BUCT632,Escherichia coli,Escherichia coli
PQ783785.1,Escherichia coli HS(pFamp)R (ATCC 700891),,phage PDP46,Escherichia coli HSR,Escherichia coli
PQ595991.1,Escherichia coli,,phage Psq-1,Escherichia coli,Escherichia coli
